Home Name,Placements for referrals from all prior locations (days)◊α,Placements for referrals from community (days)◊α,Placements for referrals from hospital (days)◊α,Antipsychotic Medication Use (%)‡*,Pressure Ulcers (%)‡*,Falls (%)‡*,Physical Restraints Use (%)‡*,Depression (%)*,Pain (%)*
Ontario Provincial Average,147,161,90,19,2.6,16.6,3.9,22.8,5.2
1230839 Ontario Ltd. - Brouillette Manor,48,20,LV,28.2,5.2,33,0.4,27.9,4.7
2109577 Ontario Ltd. - Of Arbour Heights,166,183,55,12,3.9,15.2,8.9,30.2,3
412506 Ontario Ltd - St. Jacques Nursing Home,46,153,28,11.9,9.4,16.7,14.5,33.9,0
458422 Ontario Ltd. - Sandfield Place,334,351.5,LV,17.8,1.4,20.4,10.2,33,3.9
601091 Ontario Ltd. - Cedarvale Terrace,153.5,164,LV,19.1,1.2,10.7,0.9,10.3,1.2
601092 Ontario Limited - Vermont Square,77,102,LV,17.3,1,9.8,2.1,4.9,1.8
848357 Ontario Inc. - The O'Neill Centre,146,146,LV,9.4,1.7,12.2,0,9.4,2
913096 Ontario Limited - Nipissing Manor Nursing Care Centre,192,137.5,195,8.3,1.7,8.5,2.9,3.1,6
Advent Health Care Corporation - Valley View Residence,317,322,LV,21.4,5,27.5,9.3,15.5,8.6
Albright Gardens Homes Inc.,342,331,436.5,26,3.8,19.5,5.4,34.8,2.3
Algonquin Nursing Home of Mattawa Limited - Algonquin Nursing Home of Mattawa Ltd.,148,148,167.5,24.4,2,17.2,3.3,19.2,22.9
Almonte General Hospital - Fairview Manor,828.5,797,NR,24.3,1.8,12.7,4.9,20.7,9.5
Anson General Hospital - South Centennial Manor,194,LV,199,25.7,2.6,11.5,10.8,23.8,4.3
Aon Inc. - Centennial Place LTC Home,541,541,LV,13.3,2,14.6,1.1,31.6,8.2
Aon Inc. - Moira Place LTC Home,272,272,LV,10.7,1.6,14,0,34.4,2.5
Apans Health Services - Copper Terrace,73,92,42,30.6,4.6,25.6,1,25.7,9.6
Apans Health Services - MiddleSex Terrace,72,199,33,21.2,3.5,22.3,0,29.8,3.5
Apans Health Services - Park Lane Terrace,148.5,146,LV,14,1.9,14.3,2,28.3,4.8
Apans Health Services - Richmond Terrace,173,170,LV,21.5,1.7,19.1,5.4,29.7,2
Apans Health Services - Watford Quality Care Centre,31.5,35,26,22.9,2.8,19.1,0.8,26.7,16
Atikokan General Hospital,261,LV,261,41.4,8.4,14.2,9,42.4,11.2
ATK Care Inc. - Exeter Villa,71,140.5,LV,20.1,4,11.3,12.8,35,9.9
ATK Care Inc. - River Glen Haven Nursing Home,88,82.5,91,27.8,4.7,18.8,12,36.6,12.8
ATK Care Inc. - The Fordwich Village Nursing Home,64,70.5,LV,3.8,1.3,26.9,3.4,39,14.1
Autumnwood Mature Lifestyle Communities Inc. - Cedarwood Lodge,NR,NR,NR,28.8,4.3,20.3,20.1,29.9,10.5
Babcock Community Care Centre Inc. - Babcock Community Care Centre,48,42,69,21.9,3.6,6.4,11.7,21.4,16.2
Barton Retirement Inc. - The Wellington Nursing Home,87,92,85,19.2,4.9,13,2.3,28.4,5.9
Bay Haven Nursing Home Inc. - Bayhaven Nursing Home,89.5,89.5,NR,13.3,2,21.3,2.4,26.4,9.4
Baycrest Centre for Geriatric Care - The Jewish Home for the Aged,433,432,LV,23.1,2.4,13,0,10.8,2.2
Belcrest Nursing Homes Limited - Belcrest Nursing Homes Ltd.,289,289,LV,12.9,3.5,15.3,6.7,37.3,7.6
Bella Senior Care Residences Inc.,91,100,29,29.2,4.5,20.9,2.2,13,7.4
Benevolent Society Heidehof for the Care of the Aged - Heidehof LTC Home,73.5,77,LV,32.2,2,17.1,2,16,2.1
Berkshire Care Centre,32.5,34,26,21.2,3.9,15.8,6.4,16.8,3.8
Bethany Lodge Foundation - Bethany Lodge,185.5,185.5,NR,7,4.7,16.4,1.7,22.5,15.6
Bingham Memorial Hospital - Rosedale Centre,LV,LV,LV,27.3,0,4.5,1.7,22.2,11.5
Bluewater Rest Home Inc. - Bluewater Rest Home,155,147,LV,17.5,1.9,14,0,36.2,1.1
Board of Management for the District of Algoma - Algoma Manor Nursing Home,146.5,153,LV,15.9,1.8,18.6,5.2,20.4,2.9
Board of Management Home for the Aged W. Nipissing - Au Chateau,358.5,470,294,14.8,4.4,25.7,10.7,11.4,12.9
Board of Management of the District of Kenora - Northwood Lodge,505,368,526.5,28.8,0.6,8.1,24.6,18.4,9.8
Board of Management of the District of Kenora - Pinecrest,180,231.5,155,20.7,7,13.6,29.3,32.6,6.4
Board of Management of the District of Kenora - Princess Court,239,273.5,181,16.9,1.7,13.3,7,2,0.9
Board of Management of the District of Nipissing East - Cassellholme,147.5,150,118,19.4,4.2,19.3,3.8,36.1,5
Board of Management of the District of Parry Sound - Belvedere Heights,201.5,161,LV,17.7,3,20,0.8,47.1,3.4
Broadview Foundation - Chester Village,621.5,652,NR,14.8,2,11.2,0.9,24.1,5.9
Broadview Nursing Centre Limited - Broadview Nursing Centre,53.5,48,79,12.9,1.7,22.9,0.3,27.4,0.4
Brucelea Haven - Brucelea Haven LTC Home,77,83,55,16.9,7.4,17.4,9.5,32.2,3.6
Brucelea Haven - Gateway Haven LTC Home,151,169,132.5,16.2,5,15.9,3.4,24.9,11.4
Bruyère Continuing Care Inc. - Élisabeth Bruèyre Residence,264,304,LV,21.1,3.8,20.8,6,23.2,14.5
Bruyère Continuing Care Inc. - Residence Saint-Louis,188,183.5,158,17.4,4.8,26.1,6.1,24.5,6.6
Canadian Reformed Society for a Home for the Aged Inc.  - Mount Nemo Christian Nursing Home,149,132,LV,18.8,4.1,20.1,7.6,17.1,1.6
Capricorn Investments Corporation Limited - Elgin Abbey Nursing Home,37,LV,LV,39.8,2.9,19.1,12.4,22.6,12.3
Caressant-Care Nursing & Retirement Homes Limited - Arthur Nursing Home,66,68,79,21.3,4.6,15.3,1.4,27.3,3.1
Caressant-Care Nursing & Retirement Homes Limited - Bourget,34,59,25.5,ST,5.6,16.2,0,14.9,1.5
Caressant-Care Nursing & Retirement Homes Limited - Cambridge Country Manor,48.5,42,53,13.7,1.3,8.8,0,29.7,0
Caressant-Care Nursing & Retirement Homes Limited - Cobden,119,112,LV,7.5,2.4,14.5,9.1,31.5,1.7
Caressant-Care Nursing & Retirement Homes Limited - Courtland,175,242.5,LV,5.3,1.3,15.7,0,8.4,1.5
Caressant-Care Nursing & Retirement Homes Limited - Fergus Nursing Home,397,400,LV,17,4.2,14.7,0,16.1,7.3
Caressant-Care Nursing & Retirement Homes Limited - Harriston,46,39.5,38.5,15.1,4.6,14.7,0,25.5,10.2
Caressant-Care Nursing & Retirement Homes Limited - Lindsay Nursing Home,173,173,159,16.3,2.1,22.2,2.8,23.2,7.7
Caressant-Care Nursing & Retirement Homes Limited - Listowel Nursing Home,47,62.5,18,25.3,6,17,0,30.5,3.8
Caressant-Care Nursing & Retirement Homes Limited - Marmora,40,49,37,13,4.3,8.1,1.4,31.9,7.3
Caressant-Care Nursing & Retirement Homes Limited - on Bonnie Place,56,62,41,10.9,3.4,13.7,7.1,42.7,7.3
Caressant-Care Nursing & Retirement Homes Limited - on Mary Bucke,89.5,90,35,12.9,2,8.2,11.1,16.9,6.7
Caressant-Care Nursing & Retirement Homes Limited - on Mclaughlin Road,398,365,438,15.6,5.6,15.2,12.2,45.4,4.1
Caressant-Care Nursing & Retirement Homes Limited - The Maples Home for Seniors,123,LV,LV,19.2,1.5,12.3,0,42,6.3
Caressant-Care Nursing & Retirement Homes Limited - Woodstock Nursing Home,86,88,114,19.8,7.7,23.4,2.3,24.7,5.7
Carveth Nursing Home Limited - Carveth Care Centre,178,156,LV,6.9,3.2,13,2,31,5
Centre d'accueil Roger-Séguin,112,109,153.5,11.5,1.3,16.3,6.1,30,0.3
Chapleau Health Services - The Bignucolo Residence,78,LV,LV,54.1,0,26.5,2.4,21.5,6.9
Chartwell Master Care LP - Aylmer LTC Residence,253,259,LV,12.8,0.8,9.6,0,19,8.9
Chartwell Master Care LP - Cawthra Gardens,247.5,205,269.5,21.5,0.4,15.3,0.6,21.8,4.7
Chartwell Master Care LP - Chartwell Aurora LTC Residence,182,201,55,18.7,1.4,15.4,1,25.9,1.3
Chartwell Master Care LP - Chartwell Ballycliffe,202,234,164,2.9,2.1,11.1,1.1,14.9,2
Chartwell Master Care LP - Chartwell Bon Air LTC Residence,231,241,LV,13.9,1.6,19.5,8.4,33.8,3.3
Chartwell Master Care LP - Chartwell Brant Centre LTC Residence,115.5,108,638,10.6,1.3,15.1,4.8,23.6,2.4
Chartwell Master Care LP - Chartwell Champlain LTC Residence,124,148,29,15.6,3.2,17.5,0,43.7,0.9
Chartwell Master Care LP - Chartwell Gibson LTC Residence,165.5,165.5,148,18.5,0.3,14.9,0.6,13.1,1.1
Chartwell Master Care LP - Chartwell Pine Grove LTC Residence,272.5,242,NR,21.1,2.2,18.2,0.6,21.3,1.8
Chartwell Master Care LP - Chartwell Royal Oak LTC Residence,88,100,NR,17.2,2.7,20.7,0,30,8
Chartwell Master Care LP - Chartwell Trilogy LTC Residence,263,264.5,LV,23.2,1.5,9.9,0.2,23.8,0.4
Chartwell Master Care LP - Chartwell Waterford LTC Residence,196,218,LV,19,2.8,22.2,3.1,28.1,1.6
Chartwell Master Care LP - Chartwell Wenleigh LTC Residence,215,215,228.5,21.2,1.4,13.8,6.5,11.6,3.9
Chartwell Master Care LP - Chartwell Westbury LTC Residence,358,358,249,15.4,1.1,10.5,0,8.8,5.9
Chartwell Master Care LP - Chartwell Westmount LTC Residence,154,150.5,NR,16.8,1.4,19,0.9,23.8,4.1
Chartwell Master Care LP - Chartwell White Eagle LTC Residence,117.5,114,LV,16.2,1.5,16.1,0,16.7,3
Chartwell Master Care LP - Chartwell Willowgrove LTC Residence,142,150.5,LV,20.7,1.2,18.3,5.7,28.1,2.5
Chartwell Master Care LP - Chartwell Woodhaven LTC Residence,439,422,LV,20.7,2.5,13.8,1.1,19.8,2.7
Chartwell Master Care LP - Chartwell Wynfield LTC Residence,671.5,671.5,LV,23.4,2.4,21,1.3,36.2,2.2
Chartwell Master Care LP - Elmira Term Care Residence,201.5,249,LV,12.1,2.5,17,0,28.8,10
Chartwell Master Care LP - Lancaster LTC Residence,32,27,LV,29.7,0.6,21.7,3.9,31.6,4.1
Chartwell Master Care LP - London LTC Residence,338,300,LV,3.1,0.9,11.4,4.6,23.7,2.7
Chartwell Master Care LP - Niagara LTC Residence,87,95,64,18.2,4,17.1,3.3,25.3,5.6
Chartwell Master Care LP - Parkhill LTC Residence,68,109,64.5,13.4,2.6,14.8,1,37.1,3.6
Chartwell Master Care LP - Queen's Garden,140,131.5,LV,20,3,14,1.7,16.5,5.2
Chartwell Master Care LP - Regina Gardens,115,109,274.5,9.2,2.3,14.6,0.4,39.7,3.4
Chartwell Master Care LP - Villa Forum,153.5,153.5,LV,8.3,0.5,8.6,0,28.8,0.4
Clarion Nursing Homes Limited - Clarion Nursing Home,46,63,LV,26.6,2.9,4.7,0,25.4,2.7
Clurelea Ltd - Good Samaritan Nursing Home,408,426,LV,15.4,7.1,20.8,0,25.9,2.3
Collingwood Nursing Home Limited - Collingwood Nursing Home,343,343,LV,45.9,7.2,14.7,19,29.9,3.2
Community Lifecare Inc. - The Palace LTC,79,102,43,26.4,2.6,33.2,2,24.9,3.5
Conmed Healthcare Group - Billings Court Manor,116,119,104,24.8,3.5,21.2,3.6,43.5,3.3
Conmed Healthcare Group - Crescent Park Lodge,36,111,LV,18.7,4.4,4,3.7,15.2,4.3
Conmed Healthcare Group - Maple Park Lodge,61,72.5,LV,31.4,4.7,14.2,11.1,31.2,4.1
Conmed Healthcare Group - Millennium Trail Manor,150,169,LV,21.1,2.5,19.9,9,34.9,3.1
Conmed Healthcare Group - Northview Nursing Home,122.5,95.5,LV,21.9,2.7,14.7,0,19.7,17
Conmed Healthcare Group - Oakwood Park Lodge,59,59,LV,8.5,2.5,15.2,8.5,28.1,4.5
Conmed Healthcare Group - Valley Park Lodge,49,53.5,LV,10.3,3.9,17.1,2.7,30.4,19.4
Copernicus Lodge,275,279,LV,29.8,2.1,10.5,4.9,23,2.1
Corporation of the City of Cornwall - Glen-Stor-Dun Lodge,282,293,LV,27.2,0.7,13.6,6.4,19.6,11.8
Corporation of the City of St. Thomas - Valleyview Home,490,461,LV,19.1,3,16.8,34.7,36.2,0.8
Corporation of the City of Thunder Bay - Pioneer Ridge,158,154,LV,20.6,1.9,10,16.3,14.6,7.7
Corporation of the City of Timmins - Golden Manor,245,115.5,356,28.1,1,21.7,2.3,27.1,2.9
Corporation of the City of Toronto - Bendale Acres,176,207,213.5,7.2,1.9,12.2,0.7,13.4,0.9
Corporation of the City of Toronto - Carefree Lodge,99,161,LV,12.8,3.4,19.1,0,10.6,0.8
Corporation of the City of Toronto - Castleview Wychwood Towers,181,180,LV,15.7,2.1,10.5,3.1,14.1,2.9
Corporation of the City of Toronto - Cummer Lodge,194,194,233,14,1.4,14.2,0.5,11.3,0.2
Corporation of the City of Toronto - Fudger House,156,156,LV,12.1,1.7,7.5,0,17.5,1.3
Corporation of the City of Toronto - Kipling Acres,253,212,LV,13.7,2,11.6,1,33.2,0.9
Corporation of the City of Toronto - Lakeshore Lodge,160,127,LV,13.5,2.3,9.9,2.1,12.3,0.7
Corporation of the City of Toronto - Seven Oaks,161,170,67,15.9,2.5,13,3.2,5.7,1.1
Corporation of the City of Toronto - True Davidson Acres,271,278,LV,14.8,3.3,11.8,1.1,27.2,3.6
Corporation of the City of Toronto - Wesburn Manor,237,223.5,288,11,2.1,13.8,0,33.4,1.2
Corporation of the County of Dufferin - Dufferin Oaks,199,214,142.5,17,2.8,23.8,0,37.3,12.1
Corporation of the County of Essex - Sun Parlor Home for Senior Citizens,65,76,18,11.6,4.3,26.2,2.8,32.1,3.9
Corporation of the County of Frontenac - Fairmount Home for the Aged,356.5,257,LV,12.6,6,20.4,15.6,16.6,6.2
Corporation of the County of Hastings - Hastings Centennial Manor,280,322,LV,17.1,4.5,18.9,0.2,33.7,4.8
Corporation of the County of Hastings - Hastings Manor Home for the Aged,214,210,226.5,17.8,4.5,13.2,16.3,38.8,3.1
Corporation Of The County Of Huron - Huronlea Home for the Aged,59,122,38.5,14.6,2.8,17.3,0.3,28.1,3
Corporation Of The County Of Huron - Huronview Home for the Aged,63,70,82,2.5,2,15.4,1.4,38.5,4.3
Corporation Of The County Of Lambton - Marshall Gowland Manor,80,51,LV,20.5,2.8,17.2,15,17.5,5.8
Corporation Of The County Of Lambton - North Lambton Lodge,193,206,LV,7.4,1.5,8.3,3.3,9.3,2.3
Corporation Of The County Of Lanark - Lanark Lodge,274,296,197,19.9,2.3,14.9,8.3,36.3,7.3
Corporation Of The County Of Lennox And Addington - The John M. Parrott Centre,353,288,LV,6.5,2.2,14.9,3.9,32.2,23.4
Corporation Of The County Of Middlesex - Strathmere Lodge,113,120,LV,19.4,7.1,16.4,42,35.6,14.8
Corporation Of The County Of Northumberland - Golden Plough Lodge,436,442,269,24.7,3.6,18.8,4.6,38.1,11.3
Corporation Of The County Of Prince Edward - H.J. Mcfarland Memorial Home,114,247,98,21.3,3.7,22.3,8.7,32.3,5.8
Corporation Of The County Of Renfrew - Bonnechere Manor,328,302,663,14.1,2.2,16.6,0.9,22.8,4.5
Corporation Of The County Of Renfrew - Miramichi Lodge,352,328,LV,15.6,3.6,22.5,2.3,33,16.3
Corporation Of The County Of Victoria - Victoria Manor Home for the Aged,179.5,179,206.5,15.3,1.6,15.7,8.5,19.2,6
Corporation Of The County Of Wellington - Wellington Terrace LTC Home,156,154,433.5,12.6,1.6,17.8,1.8,37.1,4.8
Corporation Of The Town Of Kirkland Lake - Teck Pioneer Residence,173,208,106,12.5,3.2,13.1,6.5,22.4,9.6
Craigwiel Gardens - Craigholme,67,105.5,67,16.3,2.4,15,3.3,28.5,7.4
Crown Ridge Health Care Services Inc. - Crown Ridge Place,156,202,NR,6,1.8,17.5,1.9,37,25.1
Crown Ridge Health Care Services Inc. - Westgate Lodge Nursing Home,94.5,78,96,9.6,3,18.7,1,36.8,3.6
Dallov Holdings Ltd - Maple Villa LTC Centre,110.5,68,LV,ST,2.1,10.4,1.8,18.5,0
Deem Management Services Ltd - Pinehaven Nursing Home,67,68,61,7,2.5,17.8,0,34.3,1
Deep River And District Hospital - The Four Seasons Lodge,LV,LV,LV,30.2,4.2,22,11.8,30.5,6.1
Derbecker's Heritage House Ltd - Derbecker's Heritage House,101,143,LV,20.3,2,15.2,0,34.8,1.9
"Diversicare Canada Management Services Co., Inc. - Downsview LTC Centre",75,84,69.5,26.8,1.7,11.7,3.4,14.4,0
"Diversicare Canada Management Services Co., Inc. - Hardy Terrace",136,107,158,25,4.6,17,6.6,19,9.7
"Diversicare Canada Management Services Co., Inc. - Perth Community Care Centre",129,127,129,11.4,3.8,18.2,15.3,41.3,8
"Diversicare Canada Management Services Co., Inc. - Tilbury Manor Nursing Home",43.5,36,55,31.6,3.3,13.5,0,34.9,0.7
"Diversicare Canada Management Services Co., Inc. - Villa Marconi",355,347,LV,23.7,4.7,14.5,1,16.8,6.9
"Diversicare Canada Management Services Co., Inc. - West Park Health Centre",50,50,52,28.1,5.8,28.6,2.6,27.1,4.9
Don Mills Foundation For Senior Citizens Inc. - Thompson House,70.5,74,LV,21.3,3.2,14.4,37.2,19.3,1.2
Drs Paul And John Rekai Centre - Drs. Paul and John Rekai Centre,233,214.5,LV,19.8,1.8,8.5,3.8,22.3,2.7
Drs Paul And John Rekai Centre - Wellesley Central Place,382,380.5,LV,17.5,1.7,10.3,2.2,17.1,1
Dundas Manor Ltd - Dundas Manor Nursing Home,108,117.5,25.5,21.2,2.9,23.7,8.1,21,12
East District Of Parry Sound Home For The Aged - Eastholme Home for the Aged,195,181,LV,19.5,2.1,18.3,3.4,35.6,12
Eden House Care Facility Inc. - Eden House Nursing Home,436,433,LV,17.1,1.9,24,0,30.4,12.4
Elgin County - Bobier Villa,LV,LV,NR,25.5,3,12.5,9.8,33.2,14.4
Elgin County - Elgin Manor,252,310.5,LV,21.2,2.2,20.1,12.6,27.8,17.3
Elgin County - Terrace Lodge,98,147,53,12.1,5.6,20.4,16.4,37.3,12.5
Elm Grove Living Centre Inc.,131,139,LV,28.8,2,13.6,0,6.5,0.2
Espanola General Hospital - Espanola Nursing Home,399,359,698,19.6,1.3,6.9,10.9,10.4,5.6
Estonian Relief Committee In Canada - Ehatare Nursing Home,386,386,NR,9.1,3.7,18.2,0,15.3,3
Extendicare (Canada) Inc. - Bayfield Manor Nursing Home,564,564,NR,18.2,5,22.2,7.2,24.8,8.5
Extendicare (Canada) Inc. - Bayview,114.5,131.5,77,16.9,2.4,12.5,1.2,7.4,1.5
Extendicare (Canada) Inc. - Bennett Health Care Centre,150,108,LV,19.7,2.1,20.4,0.7,38,6.1
Extendicare (Canada) Inc. - Birchwood Terrace,44,56,17,17.5,4.9,18.8,14.1,25.3,7
Extendicare (Canada) Inc. - Blackadar Continuing Care Centre,101,134,21,25.4,3.8,19.2,5.3,18.1,13.3
Extendicare (Canada) Inc. - Brampton,80,81,102.5,27,3.2,21.3,2.4,14.8,8.4
Extendicare (Canada) Inc. - Chelsey Park (Oxford) Nursing Home,70.5,94.5,36.5,21.1,4.9,20.2,6.9,37.1,4.5
Extendicare (Canada) Inc. - Cobourg,568,495,LV,16.3,2.9,14.5,0,48.4,7
Extendicare (Canada) Inc. - Country Lane LTC Residence,27,LV,LV,28.9,1.3,25.8,0,30.4,7.2
Extendicare (Canada) Inc. - Country Village Health Care Centre,62,62,28,23,4.2,14.1,6.7,41.9,3.2
Extendicare (Canada) Inc. - Craiglee Nursing Home,107,120,128,18.3,2.7,13.4,2,15.7,6.4
Extendicare (Canada) Inc. - Dearness Home for Senior Citizens,180,174.5,184.5,21.3,2.3,21.6,1.1,35.3,1.5
Extendicare (Canada) Inc. - F.J. Davey Home,173,202,128,18.9,5,18.5,12.9,38.6,3.1
Extendicare (Canada) Inc. - Falconbridge,47,55.5,29.5,22.8,3.2,18.1,1.9,19.6,7.5
Extendicare (Canada) Inc. - Georgian Heights,41,35,41,25.2,2.7,13,0,35.3,9.6
Extendicare (Canada) Inc. - Guildwood,156,130,177,20.2,3,18.9,0.1,8.4,1.7
Extendicare (Canada) Inc. - Haliburton,169,176,LV,24.1,2.8,28.9,0,28.4,20.9
Extendicare (Canada) Inc. - Halton Hills,240.5,251,LV,25.5,2.9,21.1,6.5,30.6,2.8
Extendicare (Canada) Inc. - Hamilton,103,112,83.5,22.3,2.2,16.3,1.8,13.9,14.2
Extendicare (Canada) Inc. - Hamilton Continuing Care,71.5,161,71.5,13.5,4.1,21,0,41.4,7.8
Extendicare (Canada) Inc. - Hope Street Terrace,149,168,125,15.3,3.8,18.7,3.8,33.2,9.3
Extendicare (Canada) Inc. - Kapuskasing,214,LV,146.5,19.6,1.5,14.4,3.7,16.2,7
Extendicare (Canada) Inc. - Kawartha Lakes,678,617,LV,7,2.8,15.2,4.6,19.8,4.9
Extendicare (Canada) Inc. - Kingston,67,53,96,7.7,0.9,17.3,2.4,22.8,11.4
Extendicare (Canada) Inc. - Kirkland Lake,48,46,54.5,20,1.9,18.4,0.8,22.2,20.2
Extendicare (Canada) Inc. - Lakefield,674,627,LV,16.3,3.7,20.9,1.3,18.1,15.4
Extendicare (Canada) Inc. - Lakeside LTC Centre,368,358.5,LV,25,2.8,15,1.2,4.5,0
Extendicare (Canada) Inc. - Laurier Manor,38,42,44.5,25.1,1.3,19.7,9.6,36.4,2.9
Extendicare (Canada) Inc. - London,65,74,45,11.3,2.9,19,0,15,14.4
Extendicare (Canada) Inc. - Maitland Manor,23.5,26.5,23,21,5.1,21.4,4.8,28.8,12.9
Extendicare (Canada) Inc. - Manitoulin Centennial Manor Home for the Aged,146,181,LV,7.3,1,20,0,27.4,5.2
Extendicare (Canada) Inc. - Manoir Marochel,237.5,181,LV,24.5,4.6,16,3.1,12.3,0.3
Extendicare (Canada) Inc. - Maple View,106,96,142,32.1,2.5,23.9,11,20.3,4.5
Extendicare (Canada) Inc. - McCall Centre LTC Interim Unit,NR,NR,NR,7.1,ST,9.9,0,ST,4.3
Extendicare (Canada) Inc. - Medex,77.5,75,77,27.5,3.3,22.4,9.8,10,10.8
Extendicare (Canada) Inc. - Mississauga,327,327,LV,21.6,1.5,17.5,0,8.6,2.1
Extendicare (Canada) Inc. - Mitchell Nursing Home,68,51.5,295.5,21.3,5.3,18.4,6.5,30.1,10.3
Extendicare (Canada) Inc. - New Orchard Lodge,84,71,160,7.3,0,16.5,4.2,21.4,14.8
Extendicare (Canada) Inc. - Orchard Villa LTC,204.5,213.5,263,24.5,3.6,20.4,1.2,28.4,7.4
Extendicare (Canada) Inc. - Oshawa,223,280,132,19.2,2.3,18.1,3.4,17.7,15.5
Extendicare (Canada) Inc. - Parisien Manor Nursing Home Cornwall,190,195,LV,27.6,3.8,16.4,19.1,35.4,3.5
Extendicare (Canada) Inc. - Parkview Manor Health Care Centre,45,LV,29,5.7,5.1,13.5,0,32.4,8
Extendicare (Canada) Inc. - Peterborough,268.5,412.5,154,17,0.8,19.7,0.5,15.7,12
Extendicare (Canada) Inc. - Pinecrest Nursing Home,153,149,162,15.2,1.5,21,0,41,2.1
Extendicare (Canada) Inc. - Port Hope,377,363,LV,11.1,2.4,20.6,4.7,18.7,7
Extendicare (Canada) Inc. - Port Perry Place,221.5,221.5,LV,6,2,7.9,0,15.1,3.3
Extendicare (Canada) Inc. - Port Stanley,70,71.5,LV,26.4,5,25.5,2.1,29.8,13.1
Extendicare (Canada) Inc. - Rideaucrest Home,253.5,227.5,367,15.9,2.8,18.6,3.1,30.2,0.4
Extendicare (Canada) Inc. - Ritz Lutheran Villa,144.5,176,LV,2.9,3.5,12.8,2.6,19,9.7
Extendicare (Canada) Inc. - Rouge Valley,261.5,260,LV,21.9,1.9,17.8,0.4,12.4,8
Extendicare (Canada) Inc. - Scarborough,123.5,170,123.5,26.5,3.5,14.8,0,12.5,3.5
Extendicare (Canada) Inc. - Southlake Residential Care Village,243.5,183,LV,25,1.5,12,0.8,22,2.4
Extendicare (Canada) Inc. - Southwood Lakes,97.5,91.5,NR,17.9,3.3,22.4,0,12.1,12.7
Extendicare (Canada) Inc. - St. Catharines,127,127,65,17.3,2.3,18,3.4,25.7,1.3
Extendicare (Canada) Inc. - Starwood,80,175,45.5,23.1,0.5,20.7,3.4,27.6,6.6
Extendicare (Canada) Inc. - Tecumseh,148,148,NR,23,4.6,16.8,2.2,26.3,12.7
Extendicare (Canada) Inc. - Tendercare Living Centre,484,485,LV,17.8,2,14.1,1.3,7.4,0
Extendicare (Canada) Inc. - The Pines,405,407,LV,19.2,3.2,26.6,1.7,28.6,2.2
Extendicare (Canada) Inc. - Timmins,55,135,42,31.2,2,14.7,0,21.2,19.4
Extendicare (Canada) Inc. - Tri-Town,106,LV,199,15.8,0.8,12.4,0,11.7,2.1
Extendicare (Canada) Inc. - Van Daele,212.5,171,492,18.4,1.3,26.3,0.5,9.9,10.8
Extendicare (Canada) Inc. - Villa Colombo Homes for the Aged Inc.,223,210.5,LV,17.7,1.9,9.3,6.9,23.9,0.4
Extendicare (Canada) Inc. - Warkworth Place,185.5,185.5,LV,11.3,4.5,14.5,9,33.1,1.5
Extendicare (Canada) Inc. - Wellington House Nursing Home,189,189,NR,9.9,4.5,22.4,0,16,7.6
Extendicare (Canada) Inc. - West End Villa,67,104,49,25.9,4.4,20.8,3,7.6,7.9
Extendicare (Canada) Inc. - West Park LTC Centre,159,159,LV,17.7,1,15.6,3.1,9.5,5
Extendicare (Canada) Inc. - Wyndham Manor LTC Centre,200.5,224,LV,21.2,1.8,16.9,4.3,26,3.1
Extendicare (Canada) Inc. - York,60,71,49.5,27.4,4.2,21.3,5.1,13.1,16.7
Fairview Mennonite Home,110,137,LV,16.1,3.1,21.6,2.9,47,2.8
Fiddick's Nursing Home Ltd - Fiddick's Nursing Home,70,104.5,13,35.2,2.9,14.2,0,7.7,25.3
Finlandia Nursing Home Ltd - Finlandia Hoivakoti Nursing Home Limited,132.5,133,188.5,21.7,1.8,22.1,1.2,18.9,2.4
Foyer Hearst - Mattice - Soin De Sante - Foyer des Pionniers,406,394.5,LV,21.2,0.9,14.9,8.3,16.4,30.7
Foyer Richelieu (Welland) Inc. - Foyer Richelieu Welland,128,128,NR,13.3,5.2,21.1,0.3,34.7,7
Gem Health Care Group Ltd - Groves Park Lodge,230,234,LV,18.6,5.2,15.7,0,35.4,6.8
Genesis Gardens Inc. - Foyer St-Viateur Nursing Home,75,75,69,23.1,3.3,12,20.3,18.3,0
Geraldton District Hospital,500,LV,504,62.8,1.4,5.2,8.8,7.5,48
Gibson Holdings (Ontario) Ltd - Helen Henderson Nursing Home,152,156,LV,33.1,3.3,16.3,15.8,32.2,9.6
Golden Dawn Senior Citizen Home - Golden Dawn Nursing Home,24.5,35,22,25,3.1,14.5,0.6,45.1,10.4
Grace Villa Ltd - Grace Villa Nursing Home,34,44.5,15,26.1,5.3,16.8,0.5,33.3,4.1
Grove Park Home for Senior Citizens,226,226,LV,12.3,4.1,18.3,1.5,30,6.4
Haldimand War Memorial Hospital - Edgewater Gardens LTC Centre,483,483,LV,15.4,1.8,20,19.5,30.8,9.3
Haliburton Highlands Health Services - Hyland Crest,328,321,LV,24.2,4,15.1,21.6,33.6,17.9
Hanover Nursing Home Ltd - Hanover Care Centre,40,43.5,40,13.3,5.7,9.6,12,32.7,0.6
Hellenic Care For Seniors (Toronto) Inc.,345,345,NR,8.7,0.6,3.8,0.2,8.4,0.6
Hellenic Home For The Aged Inc. - Scarborough,208,248,LV,20,2.5,8.4,0,23.5,1
Heritage Green Nursing Home,170,182,LV,28.9,3.3,13.1,9.3,17.9,0.9
Heritage Nursing Homes Inc. - The Heritage Nursing Home,125,110,LV,11.7,2.2,15.2,1,1.5,12.7
Highland Wood,LV,LV,NR,16,1.6,22.6,7.7,36.5,16.7
Hillcrest Village Inc. - Hillcrest Village Care Centre,173,173,LV,28.2,2.1,15.7,1.3,22.6,3.7
Hilltop Manor Nursing Home Ltd - Hilltop Manor Nursing Home Limited,39,50,13,20,0.9,16.9,0,18.1,3.7
Holland Christian Homes Inc. - Faith Manor Nursing Home,90.5,81,LV,8.4,2.3,21.1,5.2,31.3,1.4
Holland Christian Homes Inc. - Grace Manor,102,102,LV,8.4,4.5,15.5,0.7,28.6,0.2
Hornepayne Community Hospital,LV,NR,LV,2,0,10.5,0,15.6,3.4
Huntsville District Nursing Home Inc. - Fairvern Nursing Home,131,131,LV,46.5,1.2,16.3,7,15,8.3
I.O.O.F. Senior Citizen Homes Inc. - Odd Fellow and Rebekah Home,198.5,198.5,LV,21.1,3.3,14.5,1.1,22.1,6
Idlewyld Manor,89.5,98.5,LV,22.4,4.4,14.2,3.2,31.9,8.9
Ina Grafton Gage Home Of Toronto - Ina Grafton Gage Home,183.5,175,LV,21.8,1,12,1.8,7.1,0
Jarlette Health Services - Alexander Place,113,115.5,LV,20.7,2.6,13.6,1.7,11.3,1.8
Jarlette Health Services - Avalon Retirement Centre,121,117,NR,16.7,2.9,16.1,0,17.9,7.4
Jarlette Health Services - Elizabeth Centre,275.5,281,LV,19.7,2.7,10.7,3.2,28,3.1
Jarlette Health Services - Leacock Care Centre,138,142.5,LV,23.4,3.2,15.9,0,34.4,6.5
Jarlette Health Services - Manitoulin Lodge,24,25,LV,14.1,1.5,12.8,0,27,9
Jarlette Health Services - Meadow Park (London) Inc.,42,42,LV,7.4,2.1,13.9,0,23.3,4.3
Jarlette Health Services - Meadow Park Nursing Home (Chatham),121,129.5,LV,14.2,2.4,17.8,0,19,4.8
Jarlette Health Services - Muskoka Landing,143,137,LV,11.7,3.4,18.6,0,22.1,3.8
Jarlette Health Services - Roberta Place,165,139,290,19.6,3,15.2,0,22.1,2.5
Jarlette Health Services - Royal Rose Place,285,285,LV,30.6,5.6,18.1,0.2,21.1,2.2
Jarlette Health Services - Southampton Care Centre,90,112.5,LV,9,2.9,14.1,2.4,24,7.8
Jarlette Health Services - Stayner Care Centre,194,194,LV,25.8,3.5,12.9,1.4,16.2,7.9
Jarlette Health Services - Temiskaming Lodge,121.5,72,208,17.7,0.8,13.7,3.3,30.7,6.8
Jarlette Health Services - The Villa Care Centre,131,121,129,14.2,3.3,29.7,0.8,9.5,0
Keay Nursing Homes Inc. - E. J. Mcquigge Lodge,134,164,LV,9.2,2.7,15.3,9.9,44,0.9
Kemptville District Hospital,NR,NR,NR,ST,ST,ST,ST,ST,ST
King Nursing Home Limited - King Nursing Home,98,98,62,22.6,1.9,14.5,0.3,18.6,1.7
Kingsway Nursing Homes Limited - Kingsway Lodge Nursing Home,42,31.5,LV,4.9,4.9,15.1,25.5,36,0.8
Knollcrest Lodge Limited - Knollcrest Lodge,223.5,265,LV,5,1.6,9.8,0,28,2.1
Kristus Darzs Latvian Home for the Aged - Kristus Darzs Latvian Home,85,145,LV,12.1,3.2,18.3,0,34.3,1.4
Labdara Foundation - Labdara Lithuanian Nursing Home,314,325.5,LV,32.8,2.7,12.5,7.2,22,2.5
Lady Dunn Health Centre - Lady Dunn Health Centre (Wawa),LV,NR,LV,28.2,7.7,1.8,18.6,21.8,11.9
Land O'lakes Community Services - Pine Meadow Nursing Home,119,108,LV,26,1.8,20.7,0,30.4,12.7
Lapointe-Fisher Nursing Home Limited - Fairfield Park,161,146,LV,21.2,4.3,19.5,0,30.5,0.5
Lapointe-Fisher Nursing Home Limited - Lapointe-Fisher Nursing Home,105,118,26.5,12,5.1,25.9,1.4,32.4,18.2
Lutheran Homes Kitchener-Waterloo - Trinity Village Care Centre,196,205.5,LV,20,3.2,15.4,17.2,29.6,5.9
Macgowan Nursing Homes Ltd. - Braemar Retirement Centre,26.5,24.5,25,22.2,3.9,16.5,9,18.4,3.7
Manitouwadge General Hospital,LV,NR,LV,43.6,2.4,9.7,ST,19.7,3.9
Manorcare Partners - Stirling Manor Nursing Home,105,100,147,21.3,4.5,20.1,0,33.2,11.6
Manorcare Partners Ii - Friendly Manor Nursing Home,129.5,LV,LV,28.7,2.8,17.8,0.6,16.9,6.4
Maplewood Nursing Home Limited - Cedarwood Village,107,120.5,243,23.4,5.4,23.9,34,33.2,6.1
Maplewood Nursing Home Limited - Maple Manor Nursing Home,63,64.5,65,25.7,1.9,23.6,4.2,17.1,8
Marianhill Inc. - Marianhill Nursing Home,252.5,239.5,LV,12.6,2.6,18.8,3.6,33.6,5.2
Mariann Nursing Home and Residence - Mariann Home,447,658,LV,16.1,1.5,7.2,4.8,18,3.8
"Markhaven Inc. - Markhaven, Inc.",340.5,320,LV,16.8,3.5,18.3,1.1,22,6.1
MarycreSt. Home for the Aged - St. Joseph's At Fleming,489,511.5,307,6,2.5,18.7,13.4,36.1,3
Maxville Manor,263.5,268,165.5,19.7,4.2,21,13.9,30.2,3.8
Maynard Nursing Home,134,175,NR,27.6,2.7,15,0.8,28.2,2.3
Mccausland Hospital - Wilkes Terrace,LV,LV,NR,21.7,1.2,14.5,0,34.8,7.5
Meadowview Villa - Lambton Meadowview Villa,64,45,161,25.9,2.4,17.4,8.7,9.5,3.9
Meaford Nursing Home Limited - Meaford LTC Centre,51.5,59.5,27,17.2,1.4,12.2,0,25.6,18.7
Medlaw Corporation Limited - Bobcaygeon,181,188,181,15.4,3.1,21.6,12.7,41.7,10.7
Mennonite Brethren Senior Citizens Home - Mennonite Brethren Senior Citizens Home Oa Tabor Manor,126,135,NR,16.5,3.6,14.1,5.8,39.3,3.8
Meritas Care Corporation - Chateau Park LTC Home,114,98,LV,0,2.6,13.2,8.2,24.9,0.9
Meritas Care Corporation - Franklin Gardens LTC Home,37,46,26.5,14.6,3.7,25.2,0,23.4,4.2
Meritas Care Corporation - Regency Park LTC Home,43.5,39.5,LV,29.9,2.4,10.4,19.1,20.3,35.4
Mill Creek Care Centre,164,156,LV,13.2,1.4,20.2,0,7.8,3.6
Mirdem Nursing Homes Ltd. - Victoria Gardens LTC,39.5,77,44,23.9,3,16.9,9.6,28.2,11.8
Mississauga LTC Facility Inc. - Mississauga LTC Facility,80,87.5,49.5,30.3,6.6,16.8,1.8,10.5,4
Mohawk Council of Akwesasne - Tsiionkwanonhsote,39.5,LV,LV,43.4,1.6,15.5,8.7,5.2,2.6
Mon Sheong Foundation - Mon Sheong Home For The Aged,610,1039,LV,17,2.5,11.3,6.3,4.6,4.4
Mon Sheong Foundation - Mon Sheong Richmond Hill LTC Centre,963.5,933,LV,25,1.5,9.8,0.8,6.6,0.6
Mon Sheong Foundation - Mon Sheong Scarborough LTC Centre,703,649,LV,15.5,1.8,11.6,12.1,10.6,1.5
Municipality of Chatham-Kent - Riverview Gardens,95,96,77,32.8,4.2,20.1,6.5,26,6.6
"Niagara Health System - Welland Hospital Site, Extended Care Unit",119.5,88.5,LV,20.1,3.1,18.8,11.5,10.3,20.6
Niagara Ina Grafton Gage Village of The United Church - Niagara Ina Grafton Gage Village,42,42,NR,26.9,5.4,18.1,10.7,7.8,0.4
Nipigon District Memorial Hospital,LV,LV,LV,23.5,0,31.3,0,16.4,19.2
Nisbet Lodge,172.5,177,LV,27.8,1.7,17,1.8,12.8,4.4
Norfolk Hospital Nursing Home - The Norfolk Hospital Nursing Home,98.5,98.5,160,24.8,3.3,13.3,0,26.2,1.5
North Centennial Manor Inc. - North Centennial Manor,962,LV,LV,21,1,9.1,7.5,30.3,10.5
North Park Nursing Home Limited - North Park Nursing Home,69.5,87,LV,23.1,6.2,9.7,2.9,28.5,0.8
North Renfrew LTC Services Inc.,LV,LV,NR,6.7,0,13.9,11.1,38.1,13
North Shore Health Network - LTC Unit,500.5,NR,435,10.7,1.5,6.4,0,18.6,11
North York General Hospital - Seniors' Health Centre,324,332,365,11.7,1.4,13.5,1.6,5.5,1.7
Norwood Nursing Home Limited - Norwood Nursing Home,133.5,120,LV,35.1,1.9,9.1,0,15.8,0
Omni Health Care Ltd. - Almonte Country Haven,100,98.5,64,7.2,3,21.3,15.7,20.9,4.6
Omni Health Care Ltd. - Burnbrae Gardens LTC Residence,45,48,42,19.4,2.5,17.4,0,31.1,0.2
Omni Health Care Ltd. - Country Terrace,39,60,26,6.7,0.5,16.4,1.9,26.3,1.3
Omni Health Care Ltd. - Forest Hill,573,589,LV,22.8,3.6,13.7,6.8,17.4,4.7
Omni Health Care Ltd. - Frost Manor,147,235.5,LV,22.4,2.2,21.5,1.6,27.6,4.3
Omni Health Care Ltd. - Garden Terrace,542,535,LV,14.1,3.4,14.7,8.8,16.3,4.7
Omni Health Care Ltd. - Kentwood Park,53,60,37,15.8,2.3,14.2,11,18.6,5.8
Omni Health Care Ltd. - Maplewood,91,79.5,113,30.7,2.1,13.3,0,30.9,2
Omni Health Care Ltd. - Pleasant Meadow Manor,85,67,81,29.7,5.2,20,4.1,19.7,4.9
Omni Health Care Ltd. - Riverview Manor Nursing Home,157,153,182,22.4,2.7,9.8,2.7,17,0.4
Omni Health Care Ltd. - Rosebridge Manor,36.5,21,27.5,31.7,1.4,20.3,6.4,22.6,2
Omni Health Care Ltd. - Springdale Country Manor,377,345,506,17.9,2.8,7.1,3.6,11.7,0.8
Omni Health Care Ltd. - Streamway Villa,164.5,91.5,183,16.4,1.4,11.2,0,23.9,3.9
Omni Health Care Ltd. - The Village Green Nursing Home,195,202,179,17.6,1.8,10.4,0,14.7,2.2
Omni Health Care Ltd. - The Willows Estate Nursing Home,96,84.5,LV,14.7,2.4,8.9,1.3,13.5,6.9
Omni Health Care Ltd. - Woodland Villa,53,116,43,15.9,0.9,13.2,9.7,16.3,3.1
Oneida Nation of The Thames - Tsi'Nu:Yoyantle Na'Tuhuwatisni,75,75,LV,17.3,2.6,17.8,1.1,31.6,4.5
Parkview Health Care Partnership - Parkview Nursing Centre,91,118.5,50,22.5,2.7,19.7,2.5,13.2,2
Parkview Meadows Christian Retirement Village - Gardenview LTC Home,219.5,219.5,NR,20.1,3.3,29.5,3.4,6.6,11.9
Parkwood Mennonite Home,134.5,132,LV,19.2,5.9,18.5,1.3,37.3,11.8
Peoplecare Inc. - Delhi LTC,49,49,LV,12,3.8,16.6,0,38.2,4.5
Peoplecare Inc. - Golden Years,42,69,22,34,4.7,19.9,0,30.4,4.2
Peoplecare Inc. - Peoplecare AR Goudie,155,136,LV,23.8,2.6,17.5,0,29.3,4.4
Peoplecare Inc. - Peoplecare Hilltop Manor,86,71,181,26,4,19.6,0,27.3,4.3
Peoplecare Inc. - Peoplecare Oakcrossing,243,234.5,LV,29.4,1.4,23.4,0,31.8,2.4
Peoplecare Inc. - Peoplecare Tavistock,97.5,97.5,80,27.9,3.8,12.7,0,26.9,2.7
Perley and Rideau Veterans' Health Centre - Standard Beds,333.5,394,26,21.8,1.7,16.8,11,32.1,8.1
Perley and Rideau Veterans' Health Centre - Veterans Beds,NR,NR,NR,13,3.1,18.2,8.3,34.7,11.6
Pleasant Manor Retirement Village - OA Pleasant Manor,276,276,NR,12.9,2.2,13.2,4,36.9,8
Poranganel Holdings Ltd. - King City Lodge Nursing Home,231,LV,LV,17.3,1.2,11.2,1,23.4,8.5
Primacare Living Solutions - Burton Manor,98,98,LV,24.8,2.8,13.6,11.1,24.7,0.5
Primacare Living Solutions - Henley House,193.5,198,LV,30.4,4.7,17.8,7.4,35,2.1
Primacare Living Solutions - Henley Place,196,196,LV,25.3,3.8,20.5,16.3,31.5,1.7
Providence Care Centre - Providence Manor,153,159,LV,16.2,2.5,18.7,9.1,25.9,29.5
Providence Healthcare,454,441.5,LV,19.8,4.8,17.6,2.5,14,4.8
Provincial Nursing Home Ltd. Partnership - Errinrung Nursing Home,65,63,LV,26.7,2.9,16.4,0,28.1,4.3
Provincial Nursing Home Ltd. Partnership - Queensway Nursing Home,40,66,54,19.5,1,13.9,3.6,25.2,10.9
Provincial Nursing Home Ltd. Partnership - Regency Manor Nursing Home,248.5,310.5,167,24.5,2.3,15.4,1.4,24.2,1
Provincial Nursing Home Ltd. Partnership - Shelburne Nursing Home,181,185,LV,18.5,2.6,26.2,0,23.5,1.5
Regional Municipality Of Durham - Fairview Lodge,508,445.5,610,16.9,3.3,26.6,6.5,33.8,3.1
Regional Municipality Of Durham - Hillsdale Estates,493.5,471.5,LV,27.1,3,20.4,1.3,30.9,0.9
Regional Municipality Of Durham - Hillsdale Terraces,569,577.5,LV,14.3,2.7,27.6,1,36,6.7
Regional Municipality Of Durham - Lakeview Manor,281,281,LV,10.3,1.7,23.9,1,34.7,2.3
Regional Municipality Of Hamilton-Wentworth - Macassa Lodge,114,110,65,18.9,4.4,18.6,7.9,31.4,8.3
Regional Municipality Of Hamilton-Wentworth - Wentworth Lodge,151,125.5,304,22.7,5.2,18.7,4.4,29.9,16.7
Regional Municipality Of Ottawa-Carleton - Carleton Lodge,414,420.5,LV,16.9,2.5,14.7,7.2,23.1,4.2
Regional Municipality Of Ottawa-Carleton - Centre D'accueil Champlain,364,364,LV,19.9,3.9,20.5,5.7,15,5.2
Regional Municipality Of Ottawa-Carleton - Garry J. Armstrong Home,776,775.5,LV,17.7,3.1,18.3,13.7,16.2,7.7
Regional Municipality Of Ottawa-Carleton - Peter D. Clark Centre,699,699,LV,9.4,1.7,16.3,8.9,25.5,2.3
Regional Municipality Of Peterborough - Fairhaven,546,560,LV,24.3,2.8,18.9,14.5,43.3,1
Regional Municipality Of Waterloo - Sunnyside Home,131,125.5,LV,19.6,3.6,21.2,10.2,29.9,2.4
Regional Municipality Of Windsor - Huron Lodge LTC Home,198,160.5,LV,35.9,2.1,12.7,3.3,25.5,2.7
Regional Municipality Of York - York Region Maple Health Centre,353.5,353.5,NR,17.1,2.7,19.9,0,22.7,5
Regional Municipality Of York - York Region Newmarket Health Centre,452,386,NR,18,1.7,20.9,0.4,17.4,6.2
Religious Hospitallers Of St.Joseph H.C.Of Cornwal - St. Joseph's Continuing Care Centre,324.5,309,379,17.8,1.5,8.5,14.9,34.4,2.5
Retirement Home Specialists Inc. - Morriston Park Nursing Home,LV,LV,NR,31.4,1,14.5,0,26.9,7.5
Revera Inc. - Banwell Gardens Care Centre,43.5,39,63,18.2,2.1,19.8,0,16.3,3.4
Revera Inc. - Bay Ridges,305,364,LV,18.1,3,16.4,4.9,18.6,4.9
Revera Inc. - Baywoods Place,61,69,42,22.3,1.2,11,0,10.3,2.6
Revera Inc. - Blenheim Community Village,41,36,45,16.4,0.6,16.4,0,22.3,11.4
Revera Inc. - Brierwood Gardens,115,171,LV,14.9,0.7,11.8,3,27.5,4
Revera Inc. - Burloak,106,102.5,LV,15.5,0.8,14.7,1.6,13.4,0.8
Revera Inc. - Carlingview Manor,59.5,85,49,20,2.2,22.1,4.3,17.4,1.2
Revera Inc. - Columbia Forest,282,276,648,22.2,0.4,13.9,1.2,13.3,1.7
Revera Inc. - Dover Cliffs,41.5,57,9.5,15.7,0.6,12,2.9,26.6,1.2
Revera Inc. - Eagle Terrace,233,206.5,LV,15.3,0.8,15.6,0,5.4,0.6
Revera Inc. - Elginwood,278,334,LV,17.6,3.1,15,1,14.1,1.9
Revera Inc. - Elmwood Place,114.5,93.5,LV,17.7,0.8,15.7,4.3,22.7,2.5
Revera Inc. - Fenelon Court,495,533,LV,23.9,2.2,20.9,1.7,21.4,4.1
Revera Inc. - Forest Heights,101,116,38,16.5,2.3,18.5,1.6,11.2,9.6
Revera Inc. - Fosterbrooke,283,283,LV,18,3.6,15.9,0,19.8,0
Revera Inc. - Garden City Manor,54.5,59,54.5,14.2,2.3,20.5,1.7,13.4,7.7
Revera Inc. - Hallowell House,92.5,91,96,15.7,1.6,14.4,0,14.8,10.6
Revera Inc. - Harold And Grace Baker Centre,156.5,160.5,LV,14.4,2.1,9,2.6,23.1,4.1
Revera Inc. - Heartwood (Fka Versa-Care Cornwall),146,156,146,17.7,3,13.8,2.4,21.5,3.3
Revera Inc. - Hillside Manor,57,65.5,63.5,16.4,1.4,14.1,3.7,22,9.6
Revera Inc. - Humber Valley Terrace,48.5,60,54,18,3.7,17.2,0,10.6,0.3
Revera Inc. - Iler Lodge,155,150,NR,15.6,0.8,12.9,0,32.2,3.3
Revera Inc. - Kennedy Lodge,374,259,577,16.6,2,10.2,0,4.1,0.9
Revera Inc. - Kilean Lodge,305.5,LV,LV,13.2,1.1,15.6,2,11.5,2.7
Revera Inc. - Lakehead Manor,67,67,LV,17.2,0.6,12.5,0,4.3,3.1
Revera Inc. - Longfields Manor,369,335,NR,17.4,2.2,20.1,1.7,13.6,2.4
Revera Inc. - Mackenzie Place,68,92.5,63.5,12.1,2.9,19.1,0,16.2,7.7
Revera Inc. - Main Street Terrace,183,176.5,186.5,15.6,1.5,8.8,0,16.3,7.5
Revera Inc. - Mcgarrell Place,253,300,LV,24.9,2.6,15.6,3.4,18.9,0.6
Revera Inc. - Montfort,294,281,LV,17.3,1.2,12.4,3.3,14.6,4
Revera Inc. - Northridge,217,224,112.5,16.1,1.9,19.1,2.7,10.7,3.5
Revera Inc. - Oak Terrace,226,340,147.5,8.8,2.3,21.4,1.6,8.8,3.1
Revera Inc. - Pinecrest Manor,21,22,19,10.8,0,19.7,0.4,17.4,3
Revera Inc. - Pinewood Court,272.5,272.5,206.5,12.9,2.3,16.1,3.2,21.6,3.8
Revera Inc. - Reachview Village,184.5,223,138,14.1,3.3,21.3,0,6.8,1.1
Revera Inc. - Ridgeview,73.5,65.5,77,17.7,1,15.4,1.5,8.5,0.6
Revera Inc. - Riverbend Place,203,203,NR,24,0,19.1,0,33.3,3.2
Revera Inc. - Riverside Place,144,125,LV,13.8,1.3,17.1,0,15,6.1
Revera Inc. - Sara Vista,176,159,255,6.2,4.1,14.5,1,18.9,6.4
Revera Inc. - Sherwood Court LTC Centre,208,208,NR,9.5,1.7,10.9,1.4,5,0.3
Revera Inc. - Southbridge Roseview,185,185,320,4.4,1.5,18.4,2.9,9.7,1.5
Revera Inc. - Stirling Heights,193,170,LV,19.3,1.1,17.1,0.9,13.5,9
Revera Inc. - Stoneridge Manor,120,94.5,LV,18.5,1.7,10.5,5.2,13,11
Revera Inc. - Sumac Lodge,29,40.5,27,16.6,0,14.1,1.3,7.6,1.9
Revera Inc. - Summit Place,69,75,48,14.4,0.7,16.3,1.1,14.5,4.6
Revera Inc. - Telfer Place,235,338,LV,10.5,1.3,16.5,0,19.1,12.2
Revera Inc. - The Meadows,54,53,LV,19.1,0.3,13.5,1.6,10.4,4.7
Revera Inc. - The Village Seniors Community,25.5,42.5,21.5,9.3,0.8,18.4,0,33.3,1.2
Revera Inc. - Thorntonview,373,371.5,447,9.2,1.7,17.5,0.8,13.6,3.5
Revera Inc. - Trillium Court,85,73.5,LV,10.9,2.7,13.8,1.9,33,1.7
Revera Inc. - Village On The Ridge,83,87,LV,13.8,0,11.5,0.4,18.2,12.2
Revera Inc. - West Oak Village,193,193,NR,12.6,0.1,12.6,2.2,10,1.5
Revera Inc. - Westside,70,80,55,23.1,3,18.6,0.4,4.5,0.3
Revera Inc. - Winbourne Park,282.5,282.5,LV,18.2,1.5,11.1,0,7.3,1.7
Riverside Health Care Facilities Inc. - Emo Health Centre,LV,NR,LV,14.7,0,18.7,5.7,33.1,22.7
Riverside Health Care Facilities Inc. - Rainy River Health Centre,LV,LV,LV,36.2,11,15.5,2.2,40.3,29.7
Riverside Health Care Facilities Inc. - Rainycrest,288,NR,237,12,5.5,17.6,7.7,26.9,9.2
Rose Of Sharon (Ontario) Retirement Community - ,441,441,LV,10.6,0.3,11.4,0,27,0.8
Royal Canadian Legion District 'D' Care Centres - Tony Stacey Centre For Veterans' Care,159.5,175,80.5,3.5,5.4,11.3,5.6,30.7,5.5
Royal Ottawa Health Care Group - Royal Ottawa Place,LV,LV,LV,NR,NR,NR,NR,NR,NR
Rykka Care Centres Lp - Anson Place Care Centre,132,131,LV,21.8,2.7,19.9,3,29.4,2.1
Rykka Care Centres Lp - Cooksville Care Centre,108.5,76,197,16.6,1.2,15.9,0.4,11.9,8.7
Rykka Care Centres Lp - Dundurn Place Care Centre,50,63.5,20,26.5,2.7,15.1,2.7,24.8,2.4
Rykka Care Centres Lp - Eatonville Care Centre,53.5,53,45.5,16.6,1.8,15.3,1.8,17.7,0.2
Rykka Care Centres Lp - Hawthorne Place Care Centre,82,99,24,27.2,2.3,12.6,0.5,24.1,2
Rykka Care Centres Lp - Orchard Terrace Care Centre,49,54,8,13.5,4.9,26.6,0,20.6,12.3
Rykka Care Centres Lp - Wellington Park Care Centre,117,179,228,29.4,2.2,24.4,0,9.9,1
S & R Nursing Homes Ltd. - Afton Park Place LTC Community,230,219,LV,12.5,2.4,12.2,4.3,13.6,3.8
S & R Nursing Homes Ltd. - Heron Terrace LTC Community,75,75,NR,18,3,11.2,5.8,12.3,3.2
S & R Nursing Homes Ltd. - St. Andrew's Terrace LTC Community,157,132.5,LV,11.2,2.9,19.7,3.2,13.3,1.2
S & R Nursing Homes Ltd. - Trillium Villa Nursing Home,51,46,56,6.6,1.3,8.8,0.9,10.6,0.6
S & R Nursing Homes Ltd. - Twin Lakes Terrace LTC Community,290,279,261,38.2,3.5,14.4,0,8.4,2
Saint Luke's Place,110,110,LV,5.7,0.9,11.7,2.6,35.8,3.4
Saugeen Valley Nursing Center Ltd - Saugeen Valley Nursing Center,56,65,41.5,25.5,2.7,20.7,0,29.9,10.3
Schlegel Villages - Coleman Care Centre,110.5,126,73,24.5,4.3,22.9,6.6,19.8,6.2
Schlegel Villages - Erin Mills Lodge Nursing Home,179.5,196,164.5,17.1,1.4,12.9,0.6,20.5,4
Schlegel Villages - Fairview Nursing Home,129,141,LV,20.1,4.1,17.2,0.8,30.8,1.5
Schlegel Villages - The Village At St. Clair,64,64,NR,24.4,1.9,23.7,1.6,35.3,4.2
Schlegel Villages - The Village At University Gates,97.5,97.5,NR,15.8,3.1,19.4,1.1,32.1,5.3
Schlegel Villages - The Village of Aspen Lake,64,63,NR,21.3,3,18.2,4.8,35.7,4.8
Schlegel Villages - The Village of Erin Meadows,177,158,254,20.9,3.7,17.8,1.8,28.7,2.8
Schlegel Villages - The Village of Glendale Crossing,284,276.5,LV,20.2,5,21.6,6.4,43,1.8
Schlegel Villages - The Village of Humber Heights,318,249,NR,27.3,4,19.1,0.6,31.8,3.1
Schlegel Villages - The Village of Riverside Glen,229,229,NR,4.8,1.4,18.8,3,33.4,2.6
Schlegel Villages - The Village of Sandalwood Park,160,160,NR,26.7,4.5,18.9,3.7,32,0.7
Schlegel Villages - The Village of Tansley Woods,135,140,LV,6.1,3.6,18.3,3.7,38.3,1.6
Schlegel Villages - The Village of Taunton Mills,503.5,514.5,LV,15.4,3.8,17.3,1.1,38.6,6.9
Schlegel Villages - The Village of Wentworth Heights,81.5,77,105,21.7,3.8,28.5,0,30.1,3.5
Schlegel Villages - The Village of Winston Park,166.5,166.5,NR,0.7,1.4,13.4,2.6,19.8,0.4
Shalom Manor LTC Home,115.5,123.5,LV,17.1,3,17.8,1.2,31.4,12.2
Shalom Village Nursing Home,162.5,187.5,LV,22.5,0.6,19.2,0,20.3,6.3
Shanti Enterprises Ltd - Royal Terrace,77,113,LV,26.5,2.2,10.8,14.1,40,2.9
Shaparrall Ltd - Garden Court Nursing Home,214,214,NR,31.5,3.8,8.4,2.1,8.2,25.3
Sharon Farms & Enterprises Ltd - Earls Court Village,57,68,35.5,21.1,3.5,16.3,5.5,26.7,3.3
Sharon Farms & Enterprises Ltd - Kensington Village,212,212,NR,8.4,5.4,18.9,4.7,24.8,4.1
Shepherd Village Inc. - Shepherd Lodge,240,249,LV,10.6,2.5,14.5,1,12.4,1.1
Sherwood Park Manor,180,75,LV,14.7,1.3,16.7,13.3,26.3,7.6
Sienna Senior Living - Altamont Care Community,107,126,40,10.8,2.5,14,0,29.2,2.1
Sienna Senior Living - Barnswallow Place Care Community,280,280,NR,8.7,2.4,16.8,3.5,20.8,1.6
Sienna Senior Living - Bloomington Cove,371,330,LV,10.5,2.3,20.3,0.3,22.6,1.4
Sienna Senior Living - Bradford Valley Care Community,213,212,LV,8.4,1.4,10.8,0.6,20.8,1.3
Sienna Senior Living - Camilla Care Community,104,90,156,26.3,1.7,7.2,0.6,14.9,0.2
Sienna Senior Living - Case Manor Care Community,301,301,LV,21.3,1.3,12.9,0.2,12.8,2.1
Sienna Senior Living - Cedarvale Lodge Retirement And Care Community,340,373,LV,24.7,4.9,21.1,0.3,20.5,9.3
Sienna Senior Living - Cheltenham Care Community,177.5,118.5,251.5,15.1,4,8.7,0,14.5,2.3
Sienna Senior Living - Creedan Valley Care Community,112,111,111,14,1.4,20.2,0.7,28.1,3.7
Sienna Senior Living - Deerwood Creek Care Community,85.5,87,80,3.4,1.1,11.2,0,6.8,2.5
Sienna Senior Living - Fieldstone Commons Care Community,131,144,41,20.6,2.4,16.9,1.1,14.4,0.9
Sienna Senior Living - Fountain View Care Community,286,282,LV,19.2,2.6,21.6,0,24.2,3.4
Sienna Senior Living - Fox Ridge Care Community,132.5,140,128,10.2,1.9,16.4,7.6,25.6,3.5
Sienna Senior Living - Granite Ridge Care Community,482.5,471,LV,20,1.9,22.7,1.8,20.6,1.8
Sienna Senior Living - Harmony Hills Care Community,215.5,235,LV,13.4,1.6,16.4,0,16.7,0.8
Sienna Senior Living - Hawthorn Woods Care Community,105.5,105.5,LV,8.9,1.4,13.4,0,19.6,1.3
Sienna Senior Living - Langstaff Square Care Community,324,295,LV,20.7,1.6,12.9,1.7,17,1.8
Sienna Senior Living - Madonna Care Community,640,614.5,LV,28.3,2.8,18.9,2.6,24.8,2.5
Sienna Senior Living - Maple Grove Care Community,85.5,104,LV,30.6,2.1,15.6,0.5,14.7,1.8
Sienna Senior Living - Midland Gardens Care Community,146.5,182.5,52,27.3,4,21.1,1.8,11.1,2.1
Sienna Senior Living - Muskoka Shores Care Community,268,245.5,168.5,3,0.7,20.2,4.4,29.4,5.8
Sienna Senior Living - Norfinch Care Community,132,150,LV,20.8,1.4,13.7,0,9.8,3.2
Sienna Senior Living - Owen Hill Care Community,123,118,LV,22.3,2.4,26.6,0,20.8,2
Sienna Senior Living - Rockcliffe Care Community,112,130,76,17.2,4.4,14.7,2,12,1.2
Sienna Senior Living - Secord Trails Care Community,69,109.5,74.5,25.5,5.9,29.9,3.4,27.6,3.7
Sienna Senior Living - Silverthorn Care Community,100,137,38,7.7,1.3,9.4,0,7.6,1.2
Sienna Senior Living - Spencer House Inc.,167,169,LV,5.9,2.1,21.5,0,19.3,2
Sienna Senior Living - St. George Care Community,83,83,LV,13.5,2.8,12.8,0,10.2,2.1
Sienna Senior Living - Streetsville Care Community,183,184,LV,10,1.3,9,0,4.8,1.6
Sienna Senior Living - Trillium Retirement And Care Community,146.5,164.5,123,19.1,3.3,23.1,1,20,5.9
Sienna Senior Living - Tullamore Care Community,42,42,41.5,24.8,3.4,24.1,0,11.7,6.7
Sienna Senior Living - Villa Leonardo Gambin,211,205,NR,14.5,1.2,4.9,0.4,18.6,1.6
Sienna Senior Living - Waters Edge Care Community,146.5,146.5,187,11.2,2.7,16.7,0,10.7,2.4
Sienna Senior Living - Weston Terrace Care Community,111,147,LV,22.8,2.7,13.3,0.5,11.9,2
Sienna Senior Living - Woodbridge Vista Care Community,167,175,LV,8,0.8,11.4,0,11.7,0.1
Sienna Senior Living - Woodhall Park Care Community,123,112,LV,21,1.5,14.1,3.1,15.9,0.8
Sienna Senior Living - Woods Park Care Centre,169.5,155,LV,21.3,2.4,17.3,2.6,13.5,1.5
"Sifton Properties Ltd, Devonshire Erin Mills Inc. - Lanark Heights LTC Centre",209,217,LV,9,1.1,13.9,0,7.5,1.1
"Sifton Properties Ltd, Devonshire Erin Mills Inc. - Westmount Gardens LTC Home",171,169,LV,3.2,3.2,14.1,3.2,13.3,2.1
Six Nations Of The Grand River - Iroquois Lodge Nursing Home,NR,NR,NR,28.4,3.3,17.6,3.1,32.9,20.7
Slovenian Linden Foundation - Dom Lipa,230,263.5,LV,24.1,1.3,12,0,10.6,5.4
Smooth Rock Falls Hospital,LV,NR,NR,17.9,0,12.1,23.1,1.8,7.2
Southbridge Care Home,23,30.5,LV,16,1.3,18.2,0,27.6,3.4
Southbridge Care Homes - Maple View,71,LV,LV,26.4,3.2,22.4,0,25.7,2
Specialty Care Inc. - Victoria Village Manor,138,135.5,LV,8.3,0.3,20,0,7.7,0
Spruce Lodge - Municipal Home For The Aged - Spruce Lodge Home For The Aged,349,329,LV,17.6,3.5,20.3,0.4,31.8,2.1
Sprucedale Care Centre Inc. - Sprucedale Care Centre,98,107,LV,1.8,1.6,12,4,44,13.7
St. Clair O'Connor Community Inc. - St. Clair O'connor Community Nursing Home,151,151,LV,3.9,1.7,11.6,6.2,15.6,29.7
St. Demetrius Development - Ukrainian Canadian Care Centre,255,234,LV,25.3,2,13.3,4.1,18.3,0.2
St. Joseph's Care Group - Bethammi Nursing Home,224,256,LV,13.4,3.7,15.1,12.6,19.4,9
St. Joseph's Care Group - Hogarth Riverview Manor,226,259,176,19.6,4.7,19.9,19.8,25.1,4.8
St. Joseph's General Hospital Elliot Lake - St. Joseph's Manor,156,144,293,19.5,1.3,12.4,14.9,18.8,10.7
"St. Joseph's Health Care, London - Mount Hope Centre For LTC - St. Mary's",91,91,76,17.7,3.8,16.9,5.8,31.6,11.2
St. Joseph's Health Centre - St. Gabriel's Villa Of Sudbury,49,58,LV,20.2,6,18.6,6.8,36.3,6.7
"St. Joseph's Health Centre - St. Joseph's Villa, Sudbury",109.5,82,397,16,5.1,24.6,11.9,29.6,2.4
St. Joseph's Health System - Guelph,268.5,247,LV,13.8,2.2,16.7,1.8,23.5,4.6
St. Joseph's Health System - St. Joseph's Lifecare Centre,254,261,LV,22.4,4.3,22.1,4.8,39.8,1.5
"St. Joseph's Health System - St. Joseph's Villa, Dundas",83,83,65,21.7,2.5,19.6,4.1,13.2,2.1
St. Patrick's Home Of Ottawa Inc. - St. Patrick's Home,942,873,LV,16.8,4.1,22.6,7.9,23,3.8
St. Peter's Care Centres - St. Peter's Residence At Chedoke,71,54,154.5,25.7,4.2,21.1,0.1,20.3,6.4
Sunnycrest Nursing Homes Limited - Sunnycrest Nursing Home,300,314.5,168.5,14.3,2.8,17.7,6.8,34.7,18.2
Taminagi Inc. - Sarsfield Colonial Home,76.5,58,98,10.8,3.5,18.4,31.9,34.3,0.6
The Arnprior & District Memorial Hospital - The Grove,461,451.5,LV,21.9,4.1,20.4,2.4,43,7.6
The Central Canadian District Of The Christian - Cama Woodlands Nursing Home,139,139,LV,8.5,3.1,14.7,6.3,11.7,3.8
"The Corporation of Haldimand County - Grandview Lodge, Dunnville",370,388,348.5,29.1,2.4,16.6,4.5,31.6,6.9
The Corporation of Haldimand County - John Noble Home,141,138,LV,22.6,3.2,18.2,2.1,30.4,4.4
The Corporation of Norfolk County - Norview Lodge,158.5,82,180,22.3,5.2,20.4,2.8,41.7,14.4
The County of Grey - Grey Gables Home For The Aged,280,268,LV,18.9,2.6,15.8,0,25.4,2.5
The County of Grey - Lee Manor Home,120,120,LV,19.8,1.3,12,2.4,27.9,2.5
The County of Grey - Rockwood Terrace Home For The Aged,76.5,76.5,56.5,7.3,5,14.2,1.9,23.6,0.4
The County of SImcoe - Georgian Manor Home For The Aged,294,329,LV,17.8,2.4,16.4,0.9,31.7,6
The County of SImcoe - Simcoe Manor Home For The Aged,416,422,LV,7.7,2.5,18.6,2.6,34.7,7
The County of SImcoe - Sunset Manor Home For Senior Citizens,281,293.5,LV,22,3.6,18.8,2.3,30.2,6.5
The County of SImcoe - Trillium Manor Home For The Aged,269,290.5,LV,28.5,3,18.8,2.9,34.5,15.9
The Elliott Group - The Elliott Community,245,199.5,LV,12.6,1.2,19.8,0.2,29.6,12.6
The Glebe Centre Inc. - Glebe Centre,511,632,392.5,21.2,1.8,15.7,3.7,31.3,5
The Governing Council of the Salvation Army - Isabel And Arthur Meighen Manor,452,452,LV,16.2,2,16.7,0,2.2,6.8
The Governing Council of the Salvation Army - The Salvation Army Ottawa Grace Manor,808,816,LV,24.3,3,18.2,14,29.9,2.7
The Governing Council Of The Salvation Army In Canada - R. H. Lawson Eventide Home,209,205.5,NR,13.8,3.9,15.3,14.2,30,5.9
The Kensington Health Centre - The Kensington Gardens,602,577,LV,21,2.1,14.9,1.3,13.5,1.2
The Lady Minto Hospital at Cochrane - Villa Minto,214,316,112,8.1,5.6,7.4,26.6,10.4,12.7
The Leamington United Mennonite Home and Apartments - Leamington Mennonite Home LTC Residence,50,50,NR,25,0.9,19.6,0.7,24.2,1.5
The Mennonite Home Association As York County - Parkview Home LTC,440.5,316,LV,12.9,1.5,19.3,0,10.2,16.7
The Meno Ya Win Health Centre - William A. Bill George Extended Care Facility,687,LV,LV,33.3,0,20.4,6.7,16.6,6
The Ontario Finnish Resthome Association - Mauno Kaihla Koti,75,75,275,18.8,3.2,9.6,17.3,42.9,12.1
The Ontario Mission of the Deaf - Bob Rumball Home For The Deaf,185,185,NR,7.9,3,28.9,5.7,16.2,6
The Ottawa Jewish Home for the Aged - Hillel Lodge (The Bess And Moe Greenberg Family),146,146,131,5.3,2.5,15.9,10,15.8,0.7
The Regional Municipality of Halton - Allendale,280,269,LV,16,1,12.3,2.7,12.5,1.1
The Regional Municipality of Halton - Creek Way Village,164.5,164.5,LV,12.4,0.4,14.9,1.8,15.5,5.2
The Regional Municipality of Halton - Post Inn Village,136,114.5,LV,8.3,0.6,12.8,0.1,18.1,1.7
The Regional Municipality of Niagara - Deer Park Villa,LV,LV,LV,13.6,7.1,20.5,7.4,21.4,10.9
The Regional Municipality of Niagara - Douglas H. Rapelje Lodge,147.5,139,LV,28.8,3,22.5,2.2,33.6,2.3
The Regional Municipality of Niagara - Gilmore Lodge,90,131,53.5,19.7,3.6,17.5,6.2,33.1,2.4
The Regional Municipality of Niagara - Linhaven,135,90,186.5,23.2,3.1,18.9,5.9,34.3,2.2
The Regional Municipality of Niagara - Northland Pointe,90,99,LV,23,4.1,15.7,4.3,30.7,3.9
The Regional Municipality of Niagara - The Meadows Of Dorchester,95,105,LV,15.9,2.5,14.2,17.7,32.4,5.3
The Regional Municipality of Niagara - The Woodlands Of Sunset,213,185.5,LV,18.2,3.8,18.2,6.1,34.5,2.1
The Regional Municipality of Niagara - Upper Canada Lodge,194,166,NR,24.8,2.4,17.3,9.3,36.4,4.9
The Regional Municipality of Peel - Malton Village LTC Centre,201.5,187,LV,11.6,1,12.9,2.6,16.2,0.6
The Regional Municipality of Peel - Peel Manor,107,109,LV,20.8,2.8,13.3,1.7,10.6,1.7
The Regional Municipality of Peel - Sheridan Villa,283,287,245,12.3,2.2,16.2,4.7,11.9,2.7
The Regional Municipality of Peel - Tall Pines LTC Centre,168,168,LV,21.2,2.8,13.7,3.2,21.3,1.1
The Regional Municipality of Peel - Vera M. Davis Nursing Home,371,314,NR,12.3,1.6,16.3,8.2,22.7,0.3
The Regional Municipality of Sudbury - Pioneer Manor,161,161,347,22.1,4.4,17.9,10.3,39.4,10.9
The Royal Crest Lifecare Group Inc. - Glen Hill Strathaven,244,333.5,192.5,20,3,12,2.5,23.4,1.7
The Royal Crest Lifecare Group Inc. - Marnwood Lifecare Centre,211,296,LV,16.1,5.6,15.2,1.2,14.8,4.5
The Thomas Health Care Corporation - Arbour Creek LTC Centre,77,66,83.5,15.8,3.6,13,3.3,15.2,5.8
The Thomas Health Care Corporation - Pine Villa Nursing Home,58,147,38,14.3,2.9,11.8,4.5,6.1,1.1
The West Nipissing General Hospital,NR,NR,NR,30.2,3.9,4.4,9.9,13.9,43.5
The Wexford Residence Inc. - The Wexford,221,212,385,11.8,1.1,11.6,1.8,4.7,2.3
The Women's Christian Association of London - Mccormick Home,435,436,LV,22.6,3.2,18.6,2,37.3,0.8
Toronto Aged Men's and Women's Homes - Belmont House,704,662,LV,13.5,2.5,16.4,0.5,14.3,4.2
Toronto Finnish-Canadian Seniors Centre - Suomi-Koti Toronto Nursing Home,324,336,LV,10.4,3,7.4,9.2,6.8,2.8
Township Of Osgoode Care Centre,405,394,LV,27.5,4.1,22.3,2.9,33.3,12.3
Trent Valley Lodge Limited - Trent Valley Lodge Ltd.,152,152,LV,17,2.6,17.3,1.2,29.2,20.2
Tri-County Mennonite Homes - Greenwood Court,591,591,NR,7.1,6.5,21.8,0,32.3,1.4
Tri-County Mennonite Homes - Nithview Home,112,108,LV,24.8,2.7,21.2,2.7,25.8,5.2
Twin Oaks of Maryhill Inc. - Twin Oaks Of Maryhill,209,239,LV,48.7,6.6,20.5,0,47.4,1.5
Tyndall Nursing Home Limited - Tyndall Nursing Home,65,70.5,55,26.4,2.7,15.6,1.5,6.2,1.1
Ukrainian Home for the Aged - Ivan Franko Home (Etobicoke),164.5,169,LV,20.1,2.8,11.2,2.2,40.2,0.9
Unger Nursing Homes Limited - Hampton Terrace Care Centre,71,84.5,LV,26.2,2.8,18.6,8.5,34.4,5.3
Unger Nursing Homes Limited - Tufford Nursing Home,134,136,LV,22.6,2.2,23.6,18.2,21.7,2.3
Unionville Home Society - Union Villa,276,350,LV,14.7,3.5,15.4,1.4,26.1,4.1
United Counties of Leeds and Grenville - Maple View Lodge,393,LV,LV,14.3,3.9,16.7,27.6,43.3,4.2
United Counties of Leeds and Grenville - St. Lawrence Lodge,188,196,LV,19.1,3.3,20.8,10.5,21.3,4
United Counties of Prescott Russell - Residence Prescott Et Russell,150,187.5,140,11.9,1.2,16,1.9,12.8,1.8
United Mennonite Home for the Aged - United Mennonite Home,183.5,183.5,LV,18,1.1,21.3,3.2,36.7,2.4
Universal Care - Mackenzie Health LTC Facility,197,100,212.5,10.7,2.1,10.6,4.9,22.5,1.5
Valley Manor Inc. - Valley Manor Nursing Home,330,276,342.5,13.8,3.8,9.8,3.5,35.3,1.5
Villa Colombo Seniors Centre (Vaughn) Inc. - Villa Colombo Seniors Centre (Vaughan),403.5,424,NR,24.8,2.8,7.8,5.8,19.5,1.8
Vision '74 Inc.,203,203,LV,12.8,2.6,15.4,4.3,21.2,2.5
West Lake Terrace,83.5,76,111,7.8,1.3,9.2,0,33.8,0.2
West Parry Sound Health Centre - Lakeland LTC Services Corporation,94,85,81,3,1.1,10.6,0,12.3,2.3
Wikwemikong Nursing Home Limited - Wikwemikong Nursing Home,21,28,20.5,22.8,5.7,25.1,0.4,36.1,5.4
Wildwood Care Centre Inc.,93,93,LV,9,2.4,17.2,3.9,30.2,2.2
Woodingford Lodge - Ingersoll,329,LV,LV,12.7,0,27.6,2.2,29.4,5.9
Woodingford Lodge - Tillsonburg,368,LV,LV,28.6,2.1,22.6,0.8,37.3,14.8
Woodingford Lodge - Woodstock,123.5,140,123,25.9,4.1,25.2,1.1,30.1,6.8
Yee Hong Centre For Geriatric Care - Markham,835,835,NR,17.4,1.7,10.5,3.3,9.4,1.4
Yee Hong Centre For Geriatric Care - Mississauga,807,839.5,LV,14.2,1.7,10.4,1.6,9.3,0.8
Yee Hong Centre For Geriatric Care - Scarborough Finch,1039.5,1020,LV,13.7,1.2,10.7,1.4,8.4,2.6
Yee Hong Centre For Geriatric Care - Scarborough McNicoll,802,802,NR,16.4,1,6.1,2.5,4.8,4